sequence,source_row,stop_in_source_row,date,destination,location_name,latitude,longitude,coordinate_source,location_confidence,location_resolution_basis,zipcode,original_destination,metadata_override_basis,metadata_review_flag,miles_counted,notes,status,County,county_original,county_override_basis,county_review_flag,event #
1,1,1,3/11/2025,Wadena,Wadena,46.5,-95.1,Minnesota city centroid,Automatic city match,Destination matched to Minnesota city,56482,wadena,,,,,Past,Wadena,Wadena,,,1
2,2,1,3/12/2025,Wadena,Wadena,46.5,-95.1,Minnesota city centroid,Automatic city match,Destination matched to Minnesota city,56482,wadena,,,,,Past,Wadena,Wadena,,,2
3,3,1,3/13/2025,Crookston,Crookston,47.7,-96.5,Minnesota city centroid,Automatic city match,Destination matched to Minnesota city,56716,Crookston,,,283,,Past,Polk,Polk,,,3
4,4,1,3/14/2025,Starbuck,Starbuck,45.6,-95.6,Minnesota city centroid,Automatic city match,Destination matched to Minnesota city,56381,Starbuck,,,146,,Past,Pope,Pope,,,4
5,5,1,3/16/2025,Wadena,Wadena,46.5,-95.1,Minnesota city centroid,Automatic city match,Destination matched to Minnesota city,56482,wadena,,,,,Past,Wadena,Wadena,,,5
6,6,1,3/18/2025,Benson,Benson,45.3,-95.6,Minnesota city centroid,Automatic city match,Destination matched to Minnesota city,56215,Benson,,,185,,Past,Swift,Swift,,,6
7,7,1,3/20/2025,Perham,Perham,46.6,-95.5,Minnesota city centroid,Automatic city match,Destination matched to Minnesota city,56573,Perham,,,52,,Past,Otter Tail,Otter Tail,,,7
8,8,1,3/22/2025,Wood Lake,Wood Lake,44.6,-95.5,Minnesota city centroid,Automatic city match,Destination matched to Minnesota city,56297,Wood Lake,,,283,,Past,Yellow Medicine,Yellow Medicine,,,8
9,9,1,3/22/2025,Willmar,Willmar,45.1,-95,Minnesota city centroid,Automatic city match,Destination matched to Minnesota city,56201,Willmar,,,,,Past,Kandiyohi,Kandiyohi,,,9
10,10,1,3/24/2025,Thief River Falls,Thief River Falls,48.1,-96.2,Minnesota city centroid,Automatic city match,Destination matched to Minnesota city,56701,Thief River Falls,,,281,,Past,Pennington,Pennington,,,10
11,11,1,3/27/2025,Park Rapids,Park Rapids,47,-95.1,Minnesota city centroid,Automatic city match,Destination matched to Minnesota city,56470,Park Rapids,,,71,,Past,Hubbard,Hubbard,,,11
12,12,1,3/28/2025,St. Joseph,Saint Joseph,45.6,-94.4,Minnesota city centroid,Automatic city match,Destination matched to Minnesota city,56374,St. Joseph,,,175,,Past,Stearns,Stearns,,,12
13,13,1,3/30/2025,Morris,Morris,45.6,-96,Minnesota city centroid,Automatic city match,Destination matched to Minnesota city,56267,Morris,,,185,,Past,Stevens,Stevens,,,13
14,14,1,4/2/2025,Moorhead,Moorhead,46.8,-96.7,Minnesota city centroid,Automatic city match,Destination matched to Minnesota city,56560,Moorhead,,,182,,Past,Clay,Clay,,,14
15,15,1,4/10/2025,Lucan,Lucan,44.39,-95.42,Minnesota city centroid,Automatic city match,Destination matched to Minnesota city,56255,Lucan,,,312,,Past,Redwood,Redwood,,,15
16,16,1,4/11/2025,Erhard,Erhard,46.5,-96,Minnesota city centroid,Automatic city match,Destination matched to Minnesota city,56534,Erhard,,,111,,Past,Otter Tail,Otter Tail,,,16
17,17,1,4/15/2025,Roseau,Roseau,48.8,-95.9,Minnesota city centroid,Automatic city match,Destination matched to Minnesota city,56751,Roseau,,,403,Kitson,Past,Roseau,Roseau,,,17
18,18,1,4/15/2025,Kittson,Hallock,48.8,-96.9,County/city fallback,Fallback,County-seat fallback for Kittson County,56728,Kittson,,,,,Past,Kittson,Kittson,,,18
19,19,1,4/19/2025,Madison,Madison,45,-96.2,Minnesota city centroid,Automatic city match,Destination matched to Minnesota city,56256,Madison,,,286,,Past,Lac qui Parle,Lac qui Parle,,,19
20,20,1,4/24/2025,Melrose,Melrose,45.6,-94.8,Minnesota city centroid,Automatic city match,Destination matched to Minnesota city,56352,Melrose,,,128,,Past,Stearns,Stearns,,,20
21,21,1,4/26/2025,Moorhead,Moorhead,46.8,-96.7,Minnesota city centroid,Automatic city match,Destination matched to Minnesota city,56560,Moorhead,,,188,,Past,Clay,Clay,,,21
22,22,1,4/29/2025,St. Joseph,Saint Joseph,45.6,-94.4,Minnesota city centroid,Automatic city match,Destination matched to Minnesota city,56374,St. Joseph,,,179,,Past,Stearns,Stearns,,,22
23,23,1,5/1/2025,Detroit Lakes,Detroit Lakes,46.8,-95.7,Minnesota city centroid,Automatic city match,Destination matched to Minnesota city,56501,Detroit Lakes,,,99,,Past,Becker,Becker,,,23
24,24,1,5/3/2025,Alexandria,Alexandria,45.9,-95.4,Minnesota city centroid,Automatic city match,Destination matched to Minnesota city,56308,Alexandria,,,94,,Past,Douglas,Douglas,,,24
25,25,1,5/15/2025,Morris,Morris,45.6,-96,Minnesota city centroid,Automatic city match,Destination matched to Minnesota city,56267,Morris,,,184,,Past,Stevens,Stevens,,,25
26,26,1,5/17/2025,Fergus Falls,Fergus Falls,46.3,-96.1,Minnesota city centroid,Automatic city match,Destination matched to Minnesota city,56537,Fergus Falls,,,111,,Past,Otter Tail,Otter Tail,,,26
27,27,1,5/20/2025,Fergus Falls,Fergus Falls,46.3,-96.1,Minnesota city centroid,Automatic city match,Destination matched to Minnesota city,56537,Fergus Falls,,,110,,Past,Otter Tail,Otter Tail,,,27
28,28,1,5/27/2025,Hector,Hector,44.7,-94.7,Minnesota city centroid,Automatic city match,Destination matched to Minnesota city,55342,Hector,,,260,,Past,Renville,Renville,,,28
29,29,1,6/2/2025,Marshall,Marshall,44.4,-95.7,Minnesota city centroid,Automatic city match,Destination matched to Minnesota city,56258,Marshall,,,352,,Past,Lyon,Lyon,,,29
30,30,1,6/7/2025,Granite Falls,Granite Falls,44.8,-95.6,Minnesota city centroid,Automatic city match,Destination matched to Minnesota city,56241,Granite Falls,,,261,,Past,Yellow Medicine,Yellow Medicine,,,30
31,31,1,6/9/2025,Miltona,Miltona,46.1,-95.3,Minnesota city centroid,Automatic city match,Destination matched to Minnesota city,56354,Miltona,,,76,,Past,Douglas,Douglas,,,31
32,32,1,6/14/2025,Fergus Falls,Fergus Falls,46.3,-96.1,Minnesota city centroid,Automatic city match,Destination matched to Minnesota city,56537,Fergus Falls,,,112,,Past,Otter Tail,Otter Tail,,,32
33,33,1,6/18/2025,Little Falls,Little Falls,46,-94.4,Minnesota city centroid,Automatic city match,Destination matched to Minnesota city,56345,Little Falls,,,145,,Past,Morrison,Morrison,,,33
34,34,1,6/19/2025,Little Falls,Little Falls,46,-94.4,Minnesota city centroid,Automatic city match,Destination matched to Minnesota city,56345,Little Falls,,,116,,Past,Morrison,Morrison,,,34
35,35,1,6/21/2025,Willmar,Willmar,45.1,-95,Minnesota city centroid,Automatic city match,Destination matched to Minnesota city,56201,Willmar,,,223,Wilmar Fest,Past,Kandiyohi,Kandiyohi,,,35
36,36,1,6/21/2025,Atwater,Atwater,45.1,-94.8,Minnesota city centroid,Automatic city match,Destination matched to Minnesota city,56209,Atwater,,,,Found in 'Update from Wadena 6/22/25',Past,Kandiyohi,Kandiyohi,,,36
37,37,1,6/21/2025,,,,,Unresolved,,,,,,REVIEW_MISSING_DESTINATION,,,Past,,,,REVIEW_MISSING_COUNTY,37
38,38,1,6/25/2025,Sibley County,Gaylord,44.5,-94.2,County/city fallback,Fallback,County-seat fallback for Sibley County,55334,Sibley County,,,422,coffee talk rd. 1,Past,Sibley,Sibley,,,38
39,39,1,6/25/2025,Brown County,New Ulm,44.3,-94.5,County/city fallback,Fallback,County-seat fallback for Brown County,56073,Brown County,Corrected obvious year typo: row is between 6/25/2025 and 6/27/2025 in source sequence.,,,coffee talk rd. 1,Past,Brown,Brown,,,39
40,40,1,6/25/2025,Cottonwood County,Windom,43.9,-95.1,County/city fallback,Fallback,County-seat fallback for Cottonwood County,56101,Cottonwood County,Corrected obvious year typo: row is between 6/25/2025 and 6/27/2025 in source sequence.,,,coffee talk rd. 1,Past,Cottonwood,Cottonwood,,,40
41,41,1,6/27/2025,Park Rapids,Park Rapids,47,-95.1,Minnesota city centroid,Automatic city match,Destination matched to Minnesota city,56470,Park Rapids,,,90,,Past,Hubbard,Hubbard,,,41
42,42,1,6/28/2025,Meeker/Mcloed,Litchfield,45.1,-94.5,County/city fallback,Fallback,County-seat fallback using primary County field: Meeker,55355,Meeker/McLoed,,,261,McLeod,Past,Meeker,Meeker,,,42
43,43,1,,,,,,Unresolved,,,,,,REVIEW_MISSING_DATE_AND_DESTINATION,,,Past,McLeod,McLeod,,,43
44,44,1,6/29/2025,Morrison Co Fair,Little Falls,46,-94.4,Reviewed Step 2A location,High,Morrison County Fair official fairgrounds address,56345,Morrison Co Fair,,,122,,Past,Morrison,Morrison,,,44
45,45,1,7/2/2025,Slayton,Slayton,44,-95.8,Minnesota city centroid,Automatic city match,Destination matched to Minnesota city,56172,Slayton,,,436,coffee talk rd. 2,Past,Murray,Murray,,,45
46,46,1,7/2/2025,Pipestone,Pipestone,44,-96.3,Minnesota city centroid,Automatic city match,Destination matched to Minnesota city,56164,Pipestone,,,,coffee talk rd. 2,Past,Pipestone,Pipestone,,,46
47,47,1,7/2/2025,Tyler,Tyler,44.3,-96.1,Minnesota city centroid,Automatic city match,Destination matched to Minnesota city,56178,Tyler,,,,coffee talk rd. 2,Past,Lincoln,Lincoln,,,47
48,48,1,7/2/2025,Montevideo,Montevideo,45,-95.7,Minnesota city centroid,Automatic city match,Destination matched to Minnesota city,56265,Montevideo,,,,coffee talk rd. 2,Past,Chippewa,Chippewa,,,48
49,49,1,7/4/2025,Warroad,Warroad,48.9,-95.3,Minnesota city centroid,Automatic city match,Destination matched to Minnesota city,56763,Warroad,,,442,,Past,Roseau,Roseau,,,49
50,50,1,7/9/2025,Eagle Bend,Eagle Bend,46.1,-95.1,Minnesota city centroid,Automatic city match,Destination matched to Minnesota city,56446,Eagle Bend,,,51,,Past,Todd,Todd,,,50
51,51,1,7/10/2025,Avon,Avon,45.6,-94.4,Minnesota city centroid,Automatic city match,Destination matched to Minnesota city,56310,Avon,,,160,,Past,Stearns,Stearns,,,51
52,52,1,7/12/2025,Big Stone Co.,Ortonville,45.3,-96.4,County/city fallback,Fallback,County-seat fallback for Big Stone County,56278,Big Stone Co.,,,244,,Past,Big Stone,Big Stone,,,52
53,53,1,7/14/2025,Grant Co,Elbow Lake,46,-96,County/city fallback,Fallback,County-seat fallback for Grant County,56531,Grant Co,,,130,,Past,Grant,Grant,,,53
54,54,1,7/15/2025,Murray Co.,Slayton,44,-95.8,County/city fallback,Fallback,County-seat fallback for Murray County,56172,Murray Co.,,,382,,Past,Murray,Murray,,,54
55,55,1,7/16/2025,Polk Co,Crookston,47.7,-96.5,County/city fallback,Fallback,County-seat fallback for Polk County,56716,Polk Co,,,263,,Past,Polk,Polk,,,55
56,56,1,7/17/2025,Ashby,Ashby,46.1,-95.8,Minnesota city centroid,Automatic city match,Destination matched to Minnesota city,56309,Ashby,,,98,,Past,Grant,Grant,,,56
57,57,1,7/24/2025,Phelps Mill,Underwood,46.3,-95.8,Reviewed Step 2A location,High,Phelps Mill County Park / Phelps Mill Festival directions,56586,Phelps Mill,,,75,,Past,Otter Tail,Otter Tail,,,57
58,58,1,7/27/2025,Marshall Co. Fair,Warren,48.2,-96.8,Reviewed Step 2A location,High,Marshall County Fair official listing,56762,Marshall Co. Fair,,,338,,Past,Marshall,Marshall,,,58
59,59,1,7/28/2025,Sd 21 Picnic Fulda,Fulda,43.9,-95.6,Reviewed Step 2A location,High,City named in destination: SD 21 Picnic Fulda,56131,SD 21 picnic Fulda,,,421,,Past,Murray,Murray,,,59
60,60,1,7/30/2025,Mfu Wadena Co,Sebeka,46.7,-95,Reviewed Step 2A location,High,Minnesota Farmers Union Wadena County Convention listing,56477,MFU Wadena Co,,,25,,Past,Wadena,Wadena,,,60
61,61,1,8/2/2025,Granite Falls Pow Wow,Granite Falls,44.8,-95.6,Reviewed Step 2A location,High,City named in destination: Granite Falls Pow Wow,56241,Granite Falls Pow wow,,,269,,Past,Yellow Medicine,Yellow Medicine,,,61/62
62,62,1,8/3/2025,Mfu Todd Co,Clarissa,46.2,-95,Reviewed Step 2A location,High,Minnesota Farmers Union Todd County Summer Picnic listing,56440,MFU Todd Co,,,63,,Past,Todd,Todd,,,63
63,63,1,8/6/2025,Farm Fest,Morgan,44.4,-94.8,Reviewed Step 2A location,High,Minnesota Department of Agriculture Farmfest location,56266,farm fest,,,324,,Past,Redwood,Redwood,,,64/65
64,64,1,8/8/2025,Stearns Co Fair,Sauk Centre,45.7,-95,Reviewed Step 2A location,High,Stearns County Fair official location,56378,Stearns Co Fair,,,112,,Past,Stearns,Stearns,,,66
65,65,1,8/9/2025,Upsala Heritage Day,Upsala,45.81,-94.57,Reviewed Step 2A location,High,City named in destination: Upsala Heritage Day,56384,Upsala Heritage Day,,,129,,Past,Morrison,Morrison,,,67
66,66,1,8/10/2025,Meet-N-Greet Willmar,Willmar,45.1,-95,Reviewed Step 2A location,High,City named in destination: Meet-N-Greet Willmar,56201,meet-n-greet Willmar,,,198,,Past,Kandiyohi,Kandiyohi,,,68
67,67,1,8/12/2025,Breckenridge Social,Breckenridge,46.3,-96.5,Reviewed Step 2A location,High,City named in destination: Breckenridge Social,56520,Breckenridge social,,,158,,Past,Wilkin,Wilkin,,,69
68,68,1,8/14/2025,Fergus Falls,Fergus Falls,46.3,-96.1,Minnesota city centroid,Automatic city match,Destination matched to Minnesota city,56537,Fergus Falls,,,108,,Past,Otter Tail,Otter Tail,,,70
69,69,1,8/16/2025,Alexandria Doug Co Fair,Alexandria,45.9,-95.4,Reviewed Step 2A location,High,Douglas County Fair official location,56308,Alexandria DOug Co fair,,,82,,Past,Douglas,Douglas,,,71
70,70,1,8/23/2025,Traverse Co Fair,Wheaton,45.8,-96.5,Reviewed Step 2A location,High,Traverse County Fair official location,56296,Traverse Co Fair,,,209,,Past,Traverse,Traverse,,,72
71,71,1,8/24/2025,Mfu Yellow Medicine,Granite Falls,44.8,-95.6,Reviewed Step 2A location,High,Minnesota Farmers Union Yellow Medicine County Convention listing,56241,MFU Yellow Medicine,,,272,,Past,Yellow Medicine,Yellow Medicine,,,73
72,72,1,8/27/2025,Pelican Rapids Fish Fry,Pelican Rapids,46.6,-96.1,Reviewed Step 2A location,High,City named in destination: Pelican Rapids Fish Fry,56572,Pelican Rapids fish fry,,,104,,Past,Otter Tail,Otter Tail,,,74
73,73,1,8/28/2025,Atwater Social,Atwater,45.1,-94.8,Reviewed Step 2A location,High,City named in destination: Atwater Social,56209,Atwater Social,,,202,,Past,Kandiyohi,Kandiyohi,,,75
74,74,1,9/1/2025,Hutchinson Picnic,Hutchinson,44.9,-94.4,Reviewed Step 2A location,High,City named in destination: Hutchinson Picnic,55350,Hutchinson picnic,,,261,,Past,McLeod,McLeod,,,76
75,75,1,9/7/2025,Grant Co Steak Fry,Elbow Lake,46,-96,County/city fallback,Fallback,County-seat fallback for Grant County,56531,Grant Co steak fry,,,109,,Past,Grant,Grant,,,77
76,76,1,9/13/2025,Norman Co Meet-N-Greet,Ada,47.4,-96.5,County/city fallback,Fallback,County-seat fallback for Norman County,56510,Norman Co meet-n-greet,,,108,-all 38!,Past,Norman,Norman,,,78
77,77,1,9/13/2025,Clay Co Fish Fry,Moorhead,46.8,-96.7,County/city fallback,Fallback,County-seat fallback for Clay County,56560,Clay Co fish fry,,,120,,Past,Clay,Clay,,,79
78,78,1,9/14/2025,Detroit Lakes Picnic,Detroit Lakes,46.8,-95.7,Reviewed Step 2A location,High,City named in destination: Detroit Lakes Picnic,56501,Detroit Lakes Picnic,,,93,,Past,Becker,Becker,,,80
79,79,1,9/15/2025,Hawley,Hawley,46.9,-96.3,Minnesota city centroid,Automatic city match,Destination matched to Minnesota city,56549,Hawley,,,140,,Past,Clay,Clay,,,81
80,80,1,9/17/2025,Parkers Prairie,Parkers Prairie,46.2,-95.3,Minnesota city centroid,Automatic city match,Destination matched to Minnesota city,56361,Parkers Prairie,,,66,,Past,Douglas,Douglas,,,82
81,81,1,9/20/2025,Farmaid,Minneapolis,44.97,-93.23,Reviewed Step 2A location,High,Farm Aid 40 at Huntington Bank Stadium,55455,FarmAid,,,320,,Past,Hennepin,Hennepin,,,83
82,82,1,9/21/2025,St. Joseph Chili Feed,St. Joseph,45.6,-94.4,Reviewed Step 2A location,High,City named in destination: St. Joseph Chili Feed,56374,St. Joseph Chili Feed,,,,,Past,Stearns,Stearns,,,84
83,83,1,9/27/2025,Renville Co Hotdish,Olivia,44.8,-95,County/city fallback,Fallback,County-seat fallback for Renville County,56277,Renville Co Hotdish,,,262,,Past,Renville,Renville,,,85
84,84,1,9/29/2025,Morrison Co Mfu,Little Falls,46,-94.4,Reviewed Step 2A location,High,Minnesota Farmers Union Morrison County Convention listing,56345,Morrison Co MFU,,,113,,Past,Morrison,Morrison,,,86
85,85,1,10/5/2025,Stearns Co Fish Fry,St. Cloud,45.5,-94.2,County/city fallback,Fallback,County-seat fallback for Stearns County,56301,Stearns Co Fish Fry,,,108,,Past,Stearns,Stearns,,,87
86,86,1,10/11/2025,Cd7 Oktoberfest,Granite Falls,44.8,-95.6,County/city fallback,Fallback,County-seat fallback using Yellow Medicine County,56241,CD7 Oktoberfest,,,281,,Past,Yellow Medicine,Yellow Medicine,,,88/89
87,87,1,10/18/2025,Demonstrations,Alexandria,45.9,-95.4,County/city fallback,Fallback,County-seat fallback using primary County field: Douglas,56308,demonstrations,,,318,Otter Tail Todd,Past,Douglas,Douglas,,,"90, 91, 92, 93"
88,88,1,10/21/2025,Overcomers,Detroit Lakes,46.8,-95.7,County/city fallback,Fallback,County-seat fallback for Becker County,56501,overcomers,,,90,,Past,Becker,Becker,,,94
89,89,1,10/25/2025,Bridge Brigade,Glencoe,44.8,-94.2,County/city fallback,Fallback,County-seat fallback for McLeod County,55336,bridge brigade,,,300,,Past,McLeod,McLeod,,,"95, 96, 97"
90,90,1,10/29/2025,Richville Private Party,Richville,46.5,-95.7,Reviewed Step 2A location,High,City named in destination: Richville Private Party,56576,richville private party,,,82,,Past,Otter Tail,Otter Tail,,,98
91,91,1,11/3/2025,1 Yr Out Kandiyohi Co,Willmar,45.1,-95,County/city fallback,Fallback,County-seat fallback for Kandiyohi County,56201,1 yr out Kandiyohi Co,,,174,,Past,Kandiyohi,Kandiyohi,,,99
92,92,1,11/11/2025,Roseau Co. Vet Day,Roseau,48.8,-95.9,County/city fallback,Fallback,County-seat fallback for Roseau County,56751,Roseau Co. Vet day,,,404,"3,700 people met, 15,132 miles",Past,Roseau,Roseau,,,100
93,93,1,11/17/2025,Sd 4 & 9,Moorhead,46.8,-96.7,County/city fallback,Fallback,County-seat fallback using Clay County,56560,SD 4 & 9,,,151,,Past,Clay,Clay,,,101
94,94,1,11/20/2025,Melrose,Melrose,45.6,-94.8,Minnesota city centroid,Automatic city match,Destination matched to Minnesota city,56352,Melrose,,,127,,Past,Stearns,Stearns,,,102
95,95,1,11/22/2025,Willmar,Willmar,45.1,-95,Minnesota city centroid,Automatic city match,Destination matched to Minnesota city,56201,Willmar,,,198,,Past,Kandiyohi,Kandiyohi,,,103
96,96,1,12/2/2025,Marshall,Marshall,44.4,-95.7,Minnesota city centroid,Automatic city match,Destination matched to Minnesota city,56258,Marshall,,,475,,Past,Lyon,Lyon,,,"104, 105, 106"
97,97,1,12/3/2025,Windom,Windom,43.9,-95.1,Minnesota city centroid,Automatic city match,Destination matched to Minnesota city,56101,Windom,,,,,Past,Cottonwood,Cottonwood,,,107
98,98,1,12/3/2025,Hutchinson,Hutchinson,44.9,-94.4,Minnesota city centroid,Automatic city match,Destination matched to Minnesota city,55350,Hutchinson,,,,,Past,McLeod,McLeod,,,108
99,99,1,12/6/2025,Ada,Ada,47.4,-96.5,Minnesota city centroid,Automatic city match,Destination matched to Minnesota city,56510,Ada,,,215,,Past,Norman,Norman,,,109
100,100,1,12/8/2025,Pipestone,Pipestone,44,-96.3,Minnesota city centroid,Automatic city match,Destination matched to Minnesota city,56164,Pipestone,,,,,Past,Pipestone,Pipestone,,,110
101,101,1,12/9/2025,Slayton,Slayton,44,-95.8,Minnesota city centroid,Automatic city match,Destination matched to Minnesota city,56172,Slayton,,,,,Past,Murray,Murray,,,111
102,102,1,12/9/2025,Tyler,Tyler,44.3,-96.1,Minnesota city centroid,Automatic city match,Destination matched to Minnesota city,56178,Tyler,,,475,"4,080 16773",Past,Lincoln,Lincoln,,,112
103,103,1,12/13/2025,Twin Cities,St. Paul,44.95,-93.09,County/city fallback,Fallback,County-seat fallback using Ramsey County,55101,Twin Cities,,,315,,Past,Ramsey,Ramsey,,,113
104,104,1,12/14/2025,Wadena,Wadena,46.5,-95.1,Minnesota city centroid,Automatic city match,Destination matched to Minnesota city,56482,Wadena,,,0,,Past,Wadena,Wadena,,,114
105,105,1,12/17/2025,Nimrod,Nimrod,,,Unresolved,Fallback,Known Minnesota city; use city coordinate if available,,Nimrod,,,50,,Past,Wadena,Wadena,,,
106,106,1,12/17/2025,Little Falls,Little Falls,46,-94.4,Minnesota city centroid,Automatic city match,Destination matched to Minnesota city,56345,Little Falls,,,114,,Past,Morrison,Morrison,,,115
107,107,1,1/5/2026,Starbuck,Starbuck,45.6,-95.6,Minnesota city centroid,Automatic city match,Destination matched to Minnesota city,56381,Starbuck,,,143,,Past,Pope,Pope,,,116
108,108,1,1/10/2026,Detroit Lakes,Detroit Lakes,46.8,-95.7,Minnesota city centroid,Automatic city match,Destination matched to Minnesota city,56501,Detroit Lakes,,,94,,Past,Becker,Becker,,,117
109,109,1,1/12/2026,Lamberton,Lamberton,44.2,-95.3,Minnesota city centroid,Automatic city match,Destination matched to Minnesota city,56152,Lamberton,,,,,Past,Redwood,Redwood,,,118
110,110,1,1/13/2026,Winthrop,Winthrop,44.5,-94.4,Minnesota city centroid,Automatic city match,Destination matched to Minnesota city,55396,Wintrhop,,,,,Past,Sibley,Sibley,,,119
111,111,1,1/13/2026,Gaylord,Gaylord,44.5,-94.2,Minnesota city centroid,Automatic city match,Destination matched to Minnesota city,55334,Gaylord,,,419,"4,600 17,908",Past,Sibley,Sibley,,,120
112,112,1,1/15/2026,Elbow Lake,Elbow Lake,46,-96,Minnesota city centroid,Automatic city match,Destination matched to Minnesota city,56531,Elbow Lake,,,135,"18,043",Past,Grant,Grant,,,121
113,113,1,1/19/2026,Madison,Madison,45,-96.2,Minnesota city centroid,Automatic city match,Destination matched to Minnesota city,56256,Madison,,,289,"18,332",Past,Lac qui Parle,Lac qui Parle,,,122
114,114,1,1/22/2026,Park Rapids,Park Rapids,47,-95.1,Minnesota city centroid,Automatic city match,Destination matched to Minnesota city,56470,Park Rapids,,,74,"18,406",Past,Hubbard,Hubbard,,,123
115,115,1,1/23/2026,Glencoe,Glencoe,44.8,-94.2,Minnesota city centroid,Automatic city match,Destination matched to Minnesota city,55336,Glencoe,,,310,"18,716",Past,Sibley,Sibley,,,124
116,116,1,1/24/2026,Morris,Morris,45.6,-96,Minnesota city centroid,Automatic city match,Destination matched to Minnesota city,56267,Morris,,,181,"18,897",Past,Stevens,Morris,Morris is a city in Stevens County; normalized to Stevens.,,125
117,117,1,1/25/2026,Little Falls,Little Falls,46,-94.4,Minnesota city centroid,Automatic city match,Destination matched to Minnesota city,56345,Little Falls,,,150,"19,047",Past,Morrison,Morrison,,,126
118,118,1,1/26/2026,Glenwood,Glenwood,45.6,-95.3,Minnesota city centroid,Automatic city match,Destination matched to Minnesota city,56334,Glenwood,,,130,,Past,Pope,Pope,,,127
119,119,1,1/29/2026,Crookston,Crookston,47.7,-96.5,Minnesota city centroid,Automatic city match,Destination matched to Minnesota city,56716,Crookston,,,276,,Past,Polk,Polk,,,128
120,120,1,2/11/2026,Wadena,Wadena,46.5,-95.1,Minnesota city centroid,Automatic city match,Destination matched to Minnesota city,56482,Wadena,,,,,Past,Wadena,wadena,,,129
121,121,1,2/13/2026,Granite Falls,Granite Falls,44.8,-95.6,Minnesota city centroid,Automatic city match,Destination matched to Minnesota city,56241,Granite Falls,,,,,Past,Yellow Medicine,yellow medicine,,,130
122,122,1,2/14/2026,Clarkfield,Clarkfield,44.8,-95.8,Minnesota city centroid,Automatic city match,Destination matched to Minnesota city,56223,Clarkfield,,,280,,Past,Yellow Medicine,yellow medicine,,,131
123,123,1,2/15/2026,Wadena,Wadena,46.5,-95.1,Minnesota city centroid,Automatic city match,Destination matched to Minnesota city,56482,Wadena,,,,,Past,Wadena,wadena,,,132
124,124,1,2/16/2026,Willmar,Willmar,45.1,-95,Minnesota city centroid,Automatic city match,Destination matched to Minnesota city,56201,Willmar,,,200,"19,933",Past,Kandiyohi,kandiyohi,,,133
125,125,1,2/19/2026,Moorhead,Moorhead,46.8,-96.7,Minnesota city centroid,Automatic city match,Destination matched to Minnesota city,56560,Moorhead,,,177,,Past,Clay,clay,,,134
126,126,1,2/20/2026,Montevideo,Montevideo,45,-95.7,Minnesota city centroid,Automatic city match,Destination matched to Minnesota city,56265,montevideo,,,274,20384,Past,Chippewa,chippewa,,,135
127,127,1,2/21/2026,Willmar,Willmar,45.1,-95,Minnesota city centroid,Automatic city match,Destination matched to Minnesota city,56201,Willmar,,,,,Past,Kandiyohi,Kandiyohi,,,136
128,128,1,2/21/2026,Moorhead,Moorhead,46.8,-96.7,Minnesota city centroid,Automatic city match,Destination matched to Minnesota city,56560,Moorhead,,,350,,Past,Clay,Clay,,,137
129,129,1,2/24/2026,Ivanhoe,Ivanhoe,44.5,-96.2,Minnesota city centroid,Automatic city match,Destination matched to Minnesota city,56142,ivanhoe,,,365,,Past,Lincoln,Lincoln,,,138
130,130,1,2/26/2026,Greenbush,Greenbush,48.8,-96.2,Minnesota city centroid,Automatic city match,Destination matched to Minnesota city,56726,greenbush,,,364,21463,Past,Roseau,Roseau,,,139
131,131,1,2/28/2026,Benson,Benson,45.3,-95.6,Minnesota city centroid,Automatic city match,Destination matched to Minnesota city,56215,benson,,,159,21622,Past,Swift,Swift,,,"140, 141"
132,132,1,,Wheaton,Wheaton,45.8,-96.5,Minnesota city centroid,Automatic city match,Destination matched to Minnesota city,56296,wheaton,,REVIEW_MISSING_DATE,,,Past,Traverse,Traverse,,,
133,133,1,3/5/2026,Alexandria,Alexandria,45.9,-95.4,Minnesota city centroid,Automatic city match,Destination matched to Minnesota city,56308,alexandria,,,90,,Past,Douglas,Douglas,,,142
134,134,1,3/6/2026,Sauk Centre,Sauk Centre,45.7,-95,Minnesota city centroid,Automatic city match,Destination matched to Minnesota city,56378,sauk centre,,,,Something weird happened here,Past,Stearns,Stearns,,,143
135,135,1,3/6/2026,Litchfield,Litchfield,45.1,-94.5,Minnesota city centroid,Automatic city match,Destination matched to Minnesota city,55355,litchfield,,,,Something weird happened here,Past,Meeker,Meeker,,,144
136,136,1,3/7/2026,Litchfield,Litchfield,45.1,-94.5,Minnesota city centroid,Automatic city match,Destination matched to Minnesota city,55355,litchfield,,,,,Past,Meeker,Meeker,,,145
137,137,1,3/7/2026,Sauk Centre,Sauk Centre,45.7,-95,Minnesota city centroid,Automatic city match,Destination matched to Minnesota city,56378,sauk centre,,,252,,Past,Stearns,stearns,,,146
138,138,1,3/8/2026,Detroit Lakes,Detroit Lakes,46.8,-95.7,Minnesota city centroid,Automatic city match,Destination matched to Minnesota city,56501,Detroit Lakes,,,92,22056,Past,Becker,Becker,,,147
139,139,1,3/10/2026,Breckenridge,Breckenridge,46.3,-96.5,Minnesota city centroid,Automatic city match,Destination matched to Minnesota city,56520,breckenridge,,,163,,Past,Wilkin,Wilkin,,,148
140,140,1,3/11/2026,Crookston,Crookston,47.7,-96.5,Minnesota city centroid,Automatic city match,Destination matched to Minnesota city,56716,Crookston,,,275,,Past,Polk,Polk,,,149
141,141,1,3/12/2026,Alexandria,Alexandria,45.9,-95.4,Minnesota city centroid,Automatic city match,Destination matched to Minnesota city,56308,alexandria,,,90,,Past,Douglas,Douglas,,,150
142,142,1,3/14/2026,Crookston,Crookston,47.7,-96.5,Minnesota city centroid,Automatic city match,Destination matched to Minnesota city,56716,Crookston,,,275,"22,859",Past,Polk,Polk,,,151
143,143,1,3/18/2026,Little Falls,Little Falls,46,-94.4,Minnesota city centroid,Automatic city match,Destination matched to Minnesota city,56345,Little Falls,,,114,,Past,Morrison,Morrison,,,152
144,144,1,3/19/2026,Glencoe,Glencoe,44.8,-94.2,Minnesota city centroid,Automatic city match,Destination matched to Minnesota city,55336,Glencoe,,,311,23284,Past,McLeod,McLeod,,,153
145,145,1,3/21/2026,Morris,Morris,45.6,-96,Minnesota city centroid,Automatic city match,Destination matched to Minnesota city,56267,Morris,,,180,,Past,Stevens,Stevens,,,154
146,146,1,3/21/2026,Elbow Lake,Elbow Lake,46,-96,Minnesota city centroid,Automatic city match,Destination matched to Minnesota city,56531,Elbow Lake,,,,,Past,Grant,Grant,,,155
147,147,1,3/22/2026,Willmar,Willmar,45.1,-95,Minnesota city centroid,Automatic city match,Destination matched to Minnesota city,56201,Willmar,,,201,,Past,Kandiyohi,Kandiyohi,,,156
148,148,1,3/22/2026,Willmar,Willmar,45.1,-95,Minnesota city centroid,Automatic city match,Destination matched to Minnesota city,56201,Willmar,,,,,Past,Kandiyohi,Kandiyohi,,,157
149,149,1,3/23/2026,Ada,Ada,47.4,-96.5,Minnesota city centroid,Automatic city match,Destination matched to Minnesota city,56510,ada,,,214,,Past,Norman,Norman,,,158
150,150,1,3/26/2026,Glenwood,Glenwood,45.6,-95.3,Minnesota city centroid,Automatic city match,Destination matched to Minnesota city,56334,glenwood,,,195,"24,074",Past,Pope,Pope,,,159
151,151,1,3/26/2026,Avon,Avon,45.6,-94.4,Minnesota city centroid,Automatic city match,Destination matched to Minnesota city,56310,avon,,,,,Past,Stearns,Stearns,,,160
152,152,1,3/27/2026,Park Rapids,Park Rapids,47,-95.1,Minnesota city centroid,Automatic city match,Destination matched to Minnesota city,56470,park rapids,,,71,,Past,Hubbard,Hubbard,,,161
153,153,1,3/28/2026,Clinton,Clinton,45.5,-96.5,Minnesota city centroid,Automatic city match,Destination matched to Minnesota city,56225,clinton,,,325,"24,470",Past,Big Stone,Big Stone,,,162
154,154,1,3/28/2026,Starbuck,Starbuck,45.6,-95.6,Minnesota city centroid,Automatic city match,Destination matched to Minnesota city,56381,starbuck,,,,,Past,Pope,Pope,,,163
155,155,1,4/8/2026,Madison,Madison,45,-96.2,Minnesota city centroid,Automatic city match,Destination matched to Minnesota city,56256,Madison,,,280,,Past,Lac qui Parle,Lac qui Parle,,,164
156,156,1,4/9/2026,New York Mills,New York Mills,46.6,-95.4,Minnesota city centroid,Automatic city match,Destination matched to Minnesota city,56567,new york mills,,,30,,Past,Otter Tail,Otter Tail,,,165
157,157,1,4/10/2026,Fergus Falls,Fergus Falls,46.3,-96.1,Minnesota city centroid,Automatic city match,Destination matched to Minnesota city,56537,fergus falls,,,125,,Past,Otter Tail,Otter Tail,,,166
158,158,1,4/11/2026,Battle Lake,Battle Lake,46.3,-95.7,Minnesota city centroid,Automatic city match,Destination matched to Minnesota city,56515,battle lake,,,94,,Past,Otter Tail,Otter Tail,,,167
159,159,1,4/12/2026,Wadena,Wadena,46.5,-95.1,Minnesota city centroid,Automatic city match,Destination matched to Minnesota city,56482,wadena,,,0,,Past,Wadena,Wadena,,,168
160,160,1,4/18/2026,Redwood Falls,Redwood Falls,44.5,-95.1,Minnesota city centroid,Automatic city match,Destination matched to Minnesota city,56283,redwood falls,,,290,"25,289",Past,Redwood,Redwood,,,169
161,161,1,4/24/2026,Granite Falls,Granite Falls,44.8,-95.6,Minnesota city centroid,Automatic city match,Destination matched to Minnesota city,56241,granite falls,,,272,,Past,Yellow Medicine,Yellow Medicine,,,170
162,162,1,4/26/2026,St. Cloud,Saint Cloud,45.5,-94.2,Minnesota city centroid,Automatic city match,Destination matched to Minnesota city,56301,st. cloud,,,180,"1271 25,741",Past,Stearns,Stearns,,,171
163,163,1,5/2/2026,Glencoe,Glencoe,44.8,-94.2,Minnesota city centroid,Automatic city match,Destination matched to Minnesota city,55336,glencoe,,,315,,Past,Sibley,Sibley,,,172
164,164,1,5/3/2026,Moorhead,Moorhead,46.8,-96.7,Minnesota city centroid,Automatic city match,Destination matched to Minnesota city,56560,moorhead,,,178,,Past,Clay,Clay,,,173
165,165,1,5/4/2026,New London,New London,45.3,-95,Minnesota city centroid,Automatic city match,Destination matched to Minnesota city,56273,new london,,,190,,Past,Kandiyohi,Kandiyohi,,,174
166,166,1,5/4/2026,Glenwood,Glenwood,45.6,-95.3,Minnesota city centroid,Automatic city match,Destination matched to Minnesota city,56334,glenwood,,,,,Past,Pope,Pope,,,175
167,167,1,5/5/2026,Morris,Morris,45.6,-96,Minnesota city centroid,Automatic city match,Destination matched to Minnesota city,56267,Morris,,,180,,Past,Stevens,Stevens,,,176
168,168,1,5/7/2026,Crookston,Crookston,47.7,-96.5,Minnesota city centroid,Automatic city match,Destination matched to Minnesota city,56716,Crookston,,,325,,Past,Polk,Polk,,,177
169,169,1,5/9/2026,Lamberton,Lamberton,44.2,-95.3,Minnesota city centroid,Automatic city match,Destination matched to Minnesota city,56152,Lamberton,,,354,,Past,Redwood,Redwood,,,178
170,170,1,5/10/2026,Wadena,Wadena,46.5,-95.1,Minnesota city centroid,Automatic city match,Destination matched to Minnesota city,56482,wadena,,,0,,Past,Wadena,Wadena,,,179
171,171,1,5/11/2026,Park Rapids,Park Rapids,47,-95.1,Minnesota city centroid,Automatic city match,Destination matched to Minnesota city,56470,park rapids,,,71,,Past,Hubbard,Hubbard,,,180
172,172,1,5/12/2026,Benson,Benson,45.3,-95.6,Minnesota city centroid,Automatic city match,Destination matched to Minnesota city,56215,benson,,,186,,Past,Swift,Swift,,,181
173,173,1,5/16/2026,Dassel,Dassel,45.1,-94.3,Minnesota city centroid,Automatic city match,Destination matched to Minnesota city,55325,dassel,,,240,,Past,Meeker,Meeker,,,182
174,174,1,5/17/2026,Pipestone,Pipestone,44,-96.3,Minnesota city centroid,Automatic city match,Destination matched to Minnesota city,56164,Pipestone,,,405,,Past,Pipestone,Pipestone,,,183
175,175,1,5/18/2026,Madison,Madison,45,-96.2,Minnesota city centroid,Automatic city match,Destination matched to Minnesota city,56256,madison,,,193,,Past,Lac qui Parle,Lac qui Parle,,,184
176,176,1,5/29/2026,Rochester,Rochester,44.08,-92.51,Minnesota city centroid,Automatic city match,Destination matched to Minnesota city,55901,rochester,,,484,3121 28862,Past,Olmsted,Olmsted,,,185
177,177,1,6/5/2026,Minneapolis,Minneapolis,44.99,-93.27,Minnesota city centroid,Automatic city match,Destination matched to Minnesota city,55401,mpls,,,345,,Past,Hennepin,Hennepin,,,186
178,178,1,6/6/2026,Minneapolis,Minneapolis,44.99,-93.27,Minnesota city centroid,Automatic city match,Destination matched to Minnesota city,55401,mpls,,,,,Past,Hennepin,Hennepin,,,187
179,179,1,6/7/2026,Detroit Lakes,Detroit Lakes,46.8,-95.7,Minnesota city centroid,Automatic city match,Destination matched to Minnesota city,56501,detroit lakes,,,188,,Past,Becker,Becker,,,188
180,180,1,6/7/2026,Detroit Lakes,Detroit Lakes,46.8,-95.7,Minnesota city centroid,Automatic city match,Destination matched to Minnesota city,56501,detroit lakes,,,,,Past,Becker,Becker,,,189
181,181,1,6/8/2026,Alexandria,Alexandria,45.9,-95.4,Minnesota city centroid,Automatic city match,Destination matched to Minnesota city,56308,Alexandria,,,94,,Past,Douglas,Douglas,,,190
182,182,1,6/10/2026,Chippewa Co,Montevideo,45,-95.7,County/city fallback,Fallback,County-seat fallback for Chippewa County,56265,chippewa co,,,262,,Past,Chippewa,chippewa,,,196
183,183,1,6/11/2026,Wadena,Wadena,46.5,-95.1,Minnesota city centroid,Automatic city match,Destination matched to Minnesota city,56482,wadena,,,,,Past,Wadena,Wadena,,,197
184,184,1,6/13/2026,Wadena,Wadena,46.5,-95.1,Minnesota city centroid,Automatic city match,Destination matched to Minnesota city,56482,wadena,,,,,Past,Wadena,Wadena,,,198
185,185,1,6/14/2026,Morton,Morton,44.6,-95,Minnesota city centroid,Automatic city match,Destination matched to Minnesota city,56270,morton,,,355,,Past,Renville,Renville,,,199
186,186,1,6/14/2026,Marshall,Marshall,44.4,-95.7,Minnesota city centroid,Automatic city match,Destination matched to Minnesota city,56258,marshall,,,,,Past,Lyon,Lyon,,,200
187,187,1,6/15/2026,Moorhead,Moorhead,46.8,-96.7,Minnesota city centroid,Automatic city match,Destination matched to Minnesota city,56560,moorhead,,,183,"30,099",Past,Clay,Clay,,,201
188,188,1,6/18/2026,Paynesville,Paynesville,45.4,-94.7,Minnesota city centroid,Automatic city match,Destination matched to Minnesota city,56362,paynesville,,,175,,Past,Stearns,stearns,,,202
189,189,1,6/19/2026,Moorhead,Moorhead,46.8,-96.7,Minnesota city centroid,Automatic city match,Destination matched to Minnesota city,56560,moorhead,,,238,,Past,Clay,clay,,,203
190,190,1,6/19/2026,Wadena,Wadena,46.5,-95.1,Minnesota city centroid,Automatic city match,Destination matched to Minnesota city,56482,Wadea,,,,,Past,Wadena,wadena,,,204
191,191,1,6/19/2026,Perham,Perham,46.6,-95.5,Minnesota city centroid,Automatic city match,Destination matched to Minnesota city,56573,perham,,,,,Past,Otter Tail,otter tail,,,205
192,192,1,6/20/2026,Montevideo,Montevideo,45,-95.7,Minnesota city centroid,Automatic city match,Destination matched to Minnesota city,56265,montevideo,,,332,,Past,Chippewa,Chippewa,,,206
193,193,1,6/20/2026,Canby,Canby,44.8,-96.3,Minnesota city centroid,Automatic city match,Destination matched to Minnesota city,56220,canby,,,,,Past,Yellow Medicine,Yellow Medicine,,,207
194,194,1,6/24/2026,Ada,Ada,47.4,-96.5,Minnesota city centroid,Automatic city match,Destination matched to Minnesota city,56510,ada,,,216,,Past,Norman,norman,,,208
195,195,1,6/26/2026,Park Rapids,Park Rapids,47,-95.1,Minnesota city centroid,Automatic city match,Destination matched to Minnesota city,56470,park rapids,,,74,,Past,Hubbard,hubbard,,,209
196,196,1,6/27/2026,Willmar,Willmar,45.1,-95,Minnesota city centroid,Automatic city match,Destination matched to Minnesota city,56201,willmar,,,,,Past,Kandiyohi,Kandiyohi,,,210
197,197,1,6/27/2026,Westbrook,Westbrook,44,-95.4,Minnesota city centroid,Automatic city match,Destination matched to Minnesota city,56183,westbrook,,,,,Past,Cottonwood,Cottonwood,,,211
198,198,1,6/27/2026,Walnut Grove,Walnut Grove,44.2,-95.5,Minnesota city centroid,Automatic city match,Destination matched to Minnesota city,56180,walnut grove,,,416,,Past,Redwood,Redwood,,,212
199,199,1,6/28/2026,Morrison Little Falls,Little Falls,46,-94.4,Reviewed Step 2A location,High,City named in destination: Morrison Little Falls,56345,morrison little falls,,,,,Past,Morrison,morrison,,,213
200,200,1,6/28/2026,Todd-County Fair,Long Prairie,46,-94.9,Reviewed Step 2A location,High,Todd County Fair official fairgrounds address,56347,todd-county fair,,,120,2998 33097,Past,Todd,todd,,,214
201,201,1,7/3/2026,Thief River Falls,Thief River Falls,48.1,-96.2,Minnesota city centroid,Automatic city match,Destination matched to Minnesota city,56701,Thief River Falls,,,288,33385,Past,Pennington,Pennington,,,215
202,202,1,7/4/2026,Spicer,Spicer,45.2,-95,Minnesota city centroid,Automatic city match,Destination matched to Minnesota city,56288,spicer,,,220,,Past,Kandiyohi,kandiyohi,,,216
203,203,1,7/4/2026,Starbuck,Starbuck,45.6,-95.6,Minnesota city centroid,Automatic city match,Destination matched to Minnesota city,56381,starbuck,,,,,Past,Pope,Pope,,,217
204,204,1,7/7/2026,Lamberton,Lamberton,44.2,-95.3,Minnesota city centroid,Automatic city match,Destination matched to Minnesota city,56152,lamberton,,,335,,Past,Redwood,Redwood,,,218
205,205,1,7/8/2026,Crookston,Crookston,47.7,-96.5,Minnesota city centroid,Automatic city match,Destination matched to Minnesota city,56716,Crookston,,,281,,Past,Polk,polk,,,223
206,206,1,7/8/2026,Fertile,Fertile,47.6,-96.3,Minnesota city centroid,Automatic city match,Destination matched to Minnesota city,56540,fertile,,,,,Past,Polk,polk,,,224
207,207,1,7/9/2026,New Ulm,New Ulm,44.3,-94.5,Minnesota city centroid,Automatic city match,Destination matched to Minnesota city,56073,new ulm,,,,,Past,Brown,brown,,,225
208,208,1,7/9/2026,Marshall,Marshall,44.4,-95.7,Minnesota city centroid,Automatic city match,Destination matched to Minnesota city,56258,marshall,,,412,"1248 34,633",Past,Lyon,lyon,,,226
209,209,1,7/10/2026,Barnesville,Barnesville,46.7,-96.4,Minnesota city centroid,Automatic city match,Destination matched to Minnesota city,56514,barnesville,,,155,,Past,Clay,clay,,,227
210,210,1,7/12/2026,Winthrop,Winthrop,44.5,-94.4,Minnesota city centroid,Automatic city match,Destination matched to Minnesota city,55396,winthrop,,,322,477 35110,Past,Sibley,sibley,,,228
211,211,1,7/12/2026,Winthrop,Winthrop,44.5,-94.4,Minnesota city centroid,Automatic city match,Destination matched to Minnesota city,55396,winthrop,,,,,Past,Sibley,Sibley,,,229
212,212,1,7/15/2026,Minneapolis,Minneapolis,44.99,-93.27,Minnesota city centroid,Automatic city match,Destination matched to Minnesota city,55401,mpls,,,,,Future,Hennepin,Hennepin,,,
213,213,1,7/16/2026,Fergus Falls,Fergus Falls,46.3,-96.1,Minnesota city centroid,Automatic city match,Destination matched to Minnesota city,56537,fergus falls,,,,,Future,Otter Tail,Otter Tail,,,
214,214,1,7/17/2026,Thief River Falls,Thief River Falls,48.1,-96.2,Minnesota city centroid,Automatic city match,Destination matched to Minnesota city,56701,Thief River Falls,,,,,Future,Pennington,Pennington,,,
215,215,1,7/18/2026,Herman,Herman,45.8,-96.1,Minnesota city centroid,Automatic city match,Destination matched to Minnesota city,56248,Herman,,,,Grant County Fair,Future,Grant,Grant,,,
216,216,1,7/18/2026,Sauk Centre,Sauk Centre,45.7,-95,Minnesota city centroid,Automatic city match,Destination matched to Minnesota city,56378,Sauk Centre,,,,Sinclair Lewis Days Parade (BOAT),Future,Stearns,Stearns,,,
217,217,1,7/19/2026,Detroit Lakes,Detroit Lakes,46.8,-95.7,Minnesota city centroid,Automatic city match,Destination matched to Minnesota city,56501,Detroit Lakes,,,,Working Families breakfast picnic,Future,Becker,Becker,,,
218,218,1,7/19/2026,Detroit Lakes,Detroit Lakes,46.8,-95.7,Minnesota city centroid,Automatic city match,Destination matched to Minnesota city,56501,Detroit Lakes,,,,Parade of Northwest (BOAT),Future,Becker,Becker,,,
219,219,1,7/22/2026,Warren,Warren,48.2,-96.8,Minnesota city centroid,Automatic city match,Destination matched to Minnesota city,56762,Warren,,,,Marshall County Parade and Fair,Future,Marshall,Marshall,,,
220,220,1,7/23/2026,Moorhead,Moorhead,46.8,-96.7,Minnesota city centroid,Automatic city match,Destination matched to Minnesota city,56560,Moorhead,,,,Erik - DFL Ag/Labor Roundtable,Future,Clay,Clay,,,
221,221,1,7/23/2026,Garfield,Garfield,46,-95.5,Minnesota city centroid,Automatic city match,Destination matched to Minnesota city,56332,Garfield,,,,House Party,Future,Douglas,Douglas,,,
222,222,1,7/26/2026,Franklin,Franklin,44.6,-94.9,Minnesota city centroid,Automatic city match,Destination matched to Minnesota city,55333,Franklin,,,,Catfish Days (BOAT),Future,Renville,Renville,,,
223,223,1,7/26/2026,Olivia,Olivia,44.8,-95,Minnesota city centroid,Automatic city match,Destination matched to Minnesota city,56277,Olivia,,,,Fish Fry,Future,Renville,Renville,,,
224,224,1,7/27/2026,Fulda,Fulda,43.9,-95.6,Minnesota city centroid,Automatic city match,Destination matched to Minnesota city,56131,Fulda,,,,SD 21 Freedom and Potato Salad Picnic,Future,Murray,Murray,,,
225,225,1,7/30/2026,Tyler,Tyler,44.3,-96.1,Minnesota city centroid,Automatic city match,Destination matched to Minnesota city,56178,Tyler,,,,Lincoln County Fair,Future,Lincoln,Lincoln,,,
226,226,1,7/30/2026,Pipestone,Pipestone,44,-96.3,Minnesota city centroid,Automatic city match,Destination matched to Minnesota city,56164,Pipeston,,,,Pipestone County Fair,Future,Pipestone,Pipestone,,,
227,227,1,7/30/2026,Montevideo,Montevideo,45,-95.7,Minnesota city centroid,Automatic city match,Destination matched to Minnesota city,56265,Montevideo,,,,Chippewa County Fair,Future,Chippewa,Chippewa,,,
228,228,1,7/31/2026,Detroit Lakes,Detroit Lakes,46.8,-95.7,Minnesota city centroid,Automatic city match,Destination matched to Minnesota city,56501,Detroit Lakes,,,,Becker County Fair,Future,Becker,Becker,,,
229,229,1,7/31/2026,Glenwood,Glenwood,45.6,-95.3,Minnesota city centroid,Automatic city match,Destination matched to Minnesota city,56334,Glenwood,,,,Pope County Fair,Future,Pope,Pope,,,
230,230,1,8/1/2026,Sauk Centre,Sauk Centre,45.7,-95,Minnesota city centroid,Automatic city match,Destination matched to Minnesota city,56378,Sauk Center,,,,Stearns County Fair,Future,Stearns,Stearns,,,
231,231,1,8/2/2026,Litchfield,Litchfield,45.1,-94.5,Minnesota city centroid,Automatic city match,Destination matched to Minnesota city,55355,Litchfield,,,,Meeker County Fair,Future,Meeker,Meeker,,,
232,232,1,8/3/2026,Warren,Warren,48.2,-96.8,Minnesota city centroid,Automatic city match,Destination matched to Minnesota city,56762,Warren,,,,Farmer Town Hall,Future,Marshall,Marshall,,,
233,233,1,8/5/2026,Morgan,Morgan,44.4,-94.8,Minnesota city centroid,Automatic city match,Destination matched to Minnesota city,56266,Morgan,,,,Farmfest,Future,Redwood,Redwood,,,
234,234,1,8/8/2026,Willmar,Willmar,45.1,-95,Minnesota city centroid,Automatic city match,Destination matched to Minnesota city,56201,Willmar,,,,Kandiyohi County Fair,Future,Kandiyohi,Kandiyohi,,,
235,235,1,8/8/2026,Upsala,Upsala,45.81,-94.57,Minnesota city centroid,Automatic city match,Destination matched to Minnesota city,56384,Upsala,,,,Upsala Heritage Days,Future,Morrison,Morrison,,,
236,236,1,8/9/2026,Melrose,Melrose,45.6,-94.8,Minnesota city centroid,Automatic city match,Destination matched to Minnesota city,56352,Melrose,,,,House Party,Future,Stearns,Stearns,,,
237,237,1,8/11/2026,Ada,Ada,47.4,-96.5,Minnesota city centroid,Automatic city match,Destination matched to Minnesota city,56510,Ada,,,,Fish Fry,Future,Norman,Norman,,,
238,238,1,8/13/2026,Fergus Falls,Fergus Falls,46.3,-96.1,Minnesota city centroid,Automatic city match,Destination matched to Minnesota city,56537,Fergus Falls,,,,Otter Tail DFL Annual picnic,Future,Otter Tail,Otter Tail,,,
239,239,1,8/14/2026,Bird Island,Bird Island,44.8,-94.9,Minnesota city centroid,Automatic city match,Destination matched to Minnesota city,55310,Bird Island,,,,Renville County Fair,Future,Renville,Renville,,,
240,240,1,8/14/2026,Marshall,Marshall,44.4,-95.7,Minnesota city centroid,Automatic city match,Destination matched to Minnesota city,56258,Marshall,,,,Lyon County Fair,Future,Lyon,Lyon,,,
241,241,1,8/14/2026,Slayton,Slayton,44,-95.8,Minnesota city centroid,Automatic city match,Destination matched to Minnesota city,56172,Slayton,,,,Murray County Fair,Future,Murray,Murray,,,
242,242,1,8/15/2026,Crookston,Crookston,47.7,-96.5,Minnesota city centroid,Automatic city match,Destination matched to Minnesota city,56716,Crookston,,,,Ox Cart Torchlight Parade (BOAT),Future,Polk,Polk,,,
243,243,1,8/16/2026,Hoffman,Hoffman,45.8,-95.8,Minnesota city centroid,Automatic city match,Destination matched to Minnesota city,56339,Hoffman,,,,Harvest Festival Parade,Future,Grant,Grant,,,
244,244,1,8/16/2026,Glenwood,Glenwood,45.6,-95.3,Minnesota city centroid,Automatic city match,Destination matched to Minnesota city,56334,Glenwood,,,,House Party,Future,Pope,Pope,,,
245,245,1,8/17/2026,Granite Falls,Granite Falls,44.8,-95.6,Minnesota city centroid,Automatic city match,Destination matched to Minnesota city,56241,Granite Falls,,,,Fish Fry,Future,Yellow Medicine,Yellow Medicine,,,
246,246,1,8/18/2026,Elbow Lake,Elbow Lake,46,-96,Minnesota city centroid,Automatic city match,Destination matched to Minnesota city,56531,Elbow Lake,,,,Erik - West Central MN Communities Action,Future,Grant,Grant,,,
247,247,1,8/18/2026,Barrett,Barrett,45.9,-95.9,Minnesota city centroid,Automatic city match,Destination matched to Minnesota city,56311,Barrett,,,,House Party,Future,Grant,Grant,,,
248,248,1,8/19/2026,Appleton,Appleton,45.3,-96,Minnesota city centroid,Automatic city match,Destination matched to Minnesota city,56208,Appleton,,,,Swift County Fair (this is a maybe),Future,Swift,Swift,,,
249,249,1,8/19/2026,Swift County,Benson,45.3,-95.6,County/city fallback,Fallback,County-seat fallback from note/County: Swift,56215,,Destination derived directly from note: Erik - visit Swift County.,,,Erik - visit Swift County,Future,Swift,Swift,,,
250,250,1,8/20/2026,Fergus Falls,Fergus Falls,46.3,-96.1,Minnesota city centroid,Automatic city match,Destination matched to Minnesota city,56537,Fergus Falls,,,,House Party,Future,Otter Tail,Otter Tail,,,
251,251,1,8/21/2026,Alexandria,Alexandria,45.9,-95.4,Minnesota city centroid,Automatic city match,Destination matched to Minnesota city,56308,Alexandria,,,,Douglas County Fair,Future,Douglas,Douglas,,,
252,252,1,8/22/2026,St. Cloud,Saint Cloud,45.5,-94.2,Minnesota city centroid,Automatic city match,Destination matched to Minnesota city,56301,St. Cloud,,,,Congressional Candidates,Future,Stearns,Stearns,,,
253,253,1,8/22/2026,Marshall,Marshall,44.4,-95.7,Minnesota city centroid,Automatic city match,Destination matched to Minnesota city,56258,Marshall,,,,Sounds of Summer Parade (maybe),Future,Lyon,Lyon,,,
254,254,1,8/23/2026,Wadena,Wadena,46.5,-95.1,Minnesota city centroid,Automatic city match,Destination matched to Minnesota city,56482,Wadena,,,,House Party,Future,Wadena,Wadena,,,
255,255,1,8/24/2026,Frazee,Frazee,46.7,-95.6,Minnesota city centroid,Automatic city match,Destination matched to Minnesota city,56544,Frazee,,,,Fish Fry,Future,Becker,Becker,,,
256,256,1,8/25/2026,Elbow Lake,Elbow Lake,46,-96,Minnesota city centroid,Automatic city match,Destination matched to Minnesota city,56531,Elbow Lake,,,,Fish Fry,Future,Grant,Grant,,,
257,257,1,8/26/2026,Granite Falls,Granite Falls,44.8,-95.6,Minnesota city centroid,Automatic city match,Destination matched to Minnesota city,56241,Granite Falls,,,,Erik - school superintendants,Future,Yellow Medicine,Yellow Medicine,,,
258,258,1,8/26/2026,Wood Lake,Wood Lake,44.6,-95.5,Minnesota city centroid,Automatic city match,Destination matched to Minnesota city,56297,Wood Lake,,,,Wood Lake Community Fair Parade,Future,Yellow Medicine,Yellow Medicine,,,
259,259,1,8/27/2026,Frazee,Frazee,46.7,-95.6,Minnesota city centroid,Automatic city match,Destination matched to Minnesota city,56544,Frazee,,,,House Party,Future,Becker,Becker,,,
260,260,1,8/27/2026,Wadena,Wadena,46.5,-95.1,Minnesota city centroid,Automatic city match,Destination matched to Minnesota city,56482,Wadena,,,,Todd-Wadena Elec Co-op Forum,Future,Wadena,Wadena,,,
261,261,1,8/29/2026,Wheaton,Wheaton,45.8,-96.5,Minnesota city centroid,Automatic city match,Destination matched to Minnesota city,56296,Wheaton,,,,Traverse County Fair,Future,Traverse,Traverse,,,
262,262,1,8/29/2026,Millerville,Millerville,46,-95.6,Reviewed Step 2A location,High,City named in destination: Millerville Butter Day Parade,56315,Millerville,,,,Butter Day Parade,Future,Douglas,Douglas,,,
263,263,1,8/31/2026,Slayton,Slayton,44,-95.8,Minnesota city centroid,Automatic city match,Destination matched to Minnesota city,56172,Slayton,,,,Fish Fry,Future,Murray,Murray,,,
264,264,1,8/31/2026,Windom,Windom,43.9,-95.1,Minnesota city centroid,Automatic city match,Destination matched to Minnesota city,56101,Windom,,,,Fish Fry,Future,Cottonwood,Cottonwood,,,
265,265,1,9/2/2026,Alexandria,Alexandria,45.9,-95.4,Minnesota city centroid,Automatic city match,Destination matched to Minnesota city,56308,Alexandria,,,,Fish Fry,Future,Douglas,Douglas,,,
266,266,1,9/2/2026,Douglas County,Alexandria,45.9,-95.4,County/city fallback,Fallback,County-seat fallback from note: Douglas,56308,,Destination derived directly from note: Erik - visit Douglas.,,,Erik - visit Douglas,Future,Douglas,,Destination resolved to Douglas County; County normalized to Douglas.,,
267,267,1,9/3/2026,Willmar,Willmar,45.1,-95,Minnesota city centroid,Automatic city match,Destination matched to Minnesota city,56201,Willmar,,,,House Party,Future,Kandiyohi,Kandiyohi,,,
268,268,1,9/6/2026,Redwood Falls,Redwood Falls,44.5,-95.1,Minnesota city centroid,Automatic city match,Destination matched to Minnesota city,56283,Redwood Falls,,,,Fish Fry,Future,Redwood,Redwood,,,
269,269,1,9/8/2026,Red Lake Falls,Red Lake Falls,47.9,-96.3,Minnesota city centroid,Automatic city match,Destination matched to Minnesota city,56750,Red Lake Falls,,,,Fish Fry,Future,Red Lake,Red Lake,,,
270,270,1,9/10/2026,Avon,Avon,45.6,-94.4,Minnesota city centroid,Automatic city match,Destination matched to Minnesota city,56310,Avon,,,,House Party,Future,Stearns,Stearns,,,
271,271,1,9/12/2026,Camp Ripley,Little Falls,46,-94.4,Reviewed Step 2A location,High,Minnesota Military & Veterans Museum / Camp Ripley location,56345,,Destination derived directly from note: Erik - Camp Ripley museum opening.,,,Erik - Camp Ripley museum opening,Future,Morrison,Morrison,,,
272,272,1,9/12/2026,Fergus Falls,Fergus Falls,46.3,-96.1,Minnesota city centroid,Automatic city match,Destination matched to Minnesota city,56537,Fergus Falls,,,,"SD 4, 5, 9 and 12 event",Future,Otter Tail,Otter Tail,,,
273,273,1,9/13/2026,Benson,Benson,45.3,-95.6,Minnesota city centroid,Automatic city match,Destination matched to Minnesota city,56215,Benson,,,,Event/Rally,Future,Swift,Swift,,,
274,274,1,9/15/2026,Springfield,Springfield,44.2,-95,Minnesota city centroid,Automatic city match,Destination matched to Minnesota city,56087,Springfield,,,,Fish Fry,Future,Brown,Brown,,,
275,275,1,9/16/2026,Appleton,Appleton,45.3,-96,Minnesota city centroid,Automatic city match,Destination matched to Minnesota city,56208,Appleton,,,,Fish Fry,Future,Swift,Swift,,,
276,276,1,9/17/2026,Perham,Perham,46.6,-95.5,Minnesota city centroid,Automatic city match,Destination matched to Minnesota city,56573,Perham,,,,Erik - Perham Rotaary,Future,Otter Tail,Otter Tail,,,
277,277,1,9/17/2026,Underwood,Underwood,46.3,-95.8,Minnesota city centroid,Automatic city match,Destination matched to Minnesota city,56586,Underwood,,,,House Party,Future,Otter Tail,Otter Tail,,,
278,278,1,9/19/2026,Breckenridge,Breckenridge,46.3,-96.5,Minnesota city centroid,Automatic city match,Destination matched to Minnesota city,56520,Breckenridge,,,,Breckenridge Comm Days,Future,Wilkin,Wilkin,,,
279,279,1,9/20/2026,Ashby,Ashby,46.1,-95.8,Minnesota city centroid,Automatic city match,Destination matched to Minnesota city,56309,Ashby,,,,DFL steak fry,Future,Grant,Grant,,,
280,280,1,9/22/2026,Breckenridge,Breckenridge,46.3,-96.5,Minnesota city centroid,Automatic city match,Destination matched to Minnesota city,56520,Breckenridge,,,,Fish Fry,Future,Wilkin,Wilkin,,,
281,281,1,9/23/2026,Willmar,Willmar,45.1,-95,Minnesota city centroid,Automatic city match,Destination matched to Minnesota city,56201,Willmar,,,,Possibly fish fry,Future,Kandiyohi,Kandiyohi,,,
282,282,1,9/24/2026,Little Falls,Little Falls,46,-94.4,Minnesota city centroid,Automatic city match,Destination matched to Minnesota city,56345,Little Falls,,,,Fish Fry,Future,Morrison,Morrison,,,
283,283,1,9/26/2026,Moorhead,Moorhead,46.8,-96.7,Minnesota city centroid,Automatic city match,Destination matched to Minnesota city,56560,Moorhead,,,,"Day of 1,000 Doors",Future,Clay,Clay,,,
284,284,1,9/27/2026,Redwood Falls,Redwood Falls,44.5,-95.1,Minnesota city centroid,Automatic city match,Destination matched to Minnesota city,56283,Redwood Falls,,,,House Party,Future,Redwood,Redwood,,,
285,285,1,9/29/2026,Glenwood,Glenwood,45.6,-95.3,Minnesota city centroid,Automatic city match,Destination matched to Minnesota city,56334,Glenwood,,,,Fish Fry,Future,Pope,Pope,,,
286,286,1,9/30/2026,Ortonville,Ortonville,45.3,-96.4,Minnesota city centroid,Automatic city match,Destination matched to Minnesota city,56278,Ortonville,,,,Fish Fry,Future,Big Stone,Big Stone,,,
287,287,1,10/1/2026,Litchfield,Litchfield,45.1,-94.5,Minnesota city centroid,Automatic city match,Destination matched to Minnesota city,55355,Litchfield,,,,Fish Fry,Future,Meeker,Meeker,,,
288,288,1,10/3/2026,Marshall,Marshall,44.4,-95.7,Minnesota city centroid,Automatic city match,Destination matched to Minnesota city,56258,Marshall,,,,SMSU Homecoming Parade,Future,Lyon,Lyon,,,
289,289,1,10/6/2026,Madison,Madison,45,-96.2,Minnesota city centroid,Automatic city match,Destination matched to Minnesota city,56256,Madison,,,,Fish Fry,Future,Lac qui Parle,Lac Qui Parle,,,
290,290,1,10/7/2026,Glencoe,Glencoe,44.8,-94.2,Minnesota city centroid,Automatic city match,Destination matched to Minnesota city,55336,Glencoe,,,,Fish Fry,Future,McLeod,McLeod,,,
291,291,1,10/8/2026,Ortonville,Ortonville,45.3,-96.4,Minnesota city centroid,Automatic city match,Destination matched to Minnesota city,56278,Ortonville,,,,House party,Future,Big Stone,Big Stone,,,
292,292,1,10/11/2026,Willmar,Willmar,45.1,-95,Minnesota city centroid,Automatic city match,Destination matched to Minnesota city,56201,Willmar,,,,Fish Fry,Future,Kandiyohi,Kandiyohi,,,
293,293,1,10/13/2026,Morris,Morris,45.6,-96,Minnesota city centroid,Automatic city match,Destination matched to Minnesota city,56267,Morris,,,,Fish Fry,Future,Stevens,Stevens,,,
294,294,1,10/17/2026,Marshall,Marshall,44.4,-95.7,Minnesota city centroid,Automatic city match,Destination matched to Minnesota city,56258,Marshall,,,,Hmong New Year,Future,Lyon,Lyon,,,
295,295,1,10/18/2026,Slayton,Slayton,44,-95.8,Minnesota city centroid,Automatic city match,Destination matched to Minnesota city,56172,Slayton,,,,House Party,Future,Murray,Murray,,,
296,296,1,10/19/2026,Moorhead,Moorhead,46.8,-96.7,Minnesota city centroid,Automatic city match,Destination matched to Minnesota city,56560,Moorhead,,,,MSUM Dormknock,Future,Clay,Clay,,,
297,297,1,10/20/2026,Ivanhoe,Ivanhoe,44.5,-96.2,Minnesota city centroid,Automatic city match,Destination matched to Minnesota city,56142,Ivanhoe,,,,Fish Fry,Future,Lincoln,Lincoln,,,
298,298,1,10/22/2026,Wheaton,Wheaton,45.8,-96.5,Minnesota city centroid,Automatic city match,Destination matched to Minnesota city,56296,Wheaton,,,,Fish Fry,Future,Traverse,Traverse,,,
299,299,1,10/24/2026,Moorhead,Moorhead,46.8,-96.7,Minnesota city centroid,Automatic city match,Destination matched to Minnesota city,56560,Moorhead,,,,"Day of 1,000 Doors",Future,Clay,Clay,,,
300,300,1,10/27/2026,Lancaster,Lancaster,48.9,-96.7,Minnesota city centroid,Automatic city match,Destination matched to Minnesota city,56735,Lancaster,,,,Fish Fry,Future,Kittson,Kittson,,,
301,301,1,10/27/2026,Roseau,Roseau,48.8,-95.9,Minnesota city centroid,Automatic city match,Destination matched to Minnesota city,56751,Roseau,,,,Fish Fry,Future,Roseau,Roseau,,,
302,302,1,10/28/2026,Stephen,Stephen,48.5,-96.9,Minnesota city centroid,Automatic city match,Destination matched to Minnesota city,56757,Stephen,,,,Fish Fry,Future,Marshall,Marshall,,,
303,303,1,10/28/2026,Thief River Falls,Thief River Falls,48.1,-96.2,Minnesota city centroid,Automatic city match,Destination matched to Minnesota city,56701,Thief River Falls,,,,Fish Fry,Future,Pennington,Pennington,,,
304,304,1,10/31/2026,Alexandria,Alexandria,45.9,-95.4,Minnesota city centroid,Automatic city match,Destination matched to Minnesota city,56308,Alexandria,,,,Halloween Parade,Future,Douglas,Douglas,,,
305,305,1,11/2/2026,Wadena,Wadena,46.5,-95.1,Minnesota city centroid,Automatic city match,Destination matched to Minnesota city,56482,Wadena,,,,Fish Fry,Future,Wadena,Wadena,,,
